{"cameraMode":{"drawMode":0,"name":"Shaded","section":"Shading Mode"},"sceneLighting":true,"audioPlay":false,"sceneViewState":{"showFog":true,"showMaterialUpdate":false,"showSkybox":true,"showFlares":true,"showImageEffects":true,"showParticleSystems":true},"in2DMode":false,"pivot":{"x":-4.993186950683594,"y":-1.945259928703308,"z":-1.987892985343933},"rotation":{"x":-0.1570698767900467,"y":-0.8032701015472412,"z":0.24216583371162415,"w":-0.5210038423538208},"size":21.774002075195314,"orthographic":false}