{"cameraMode":{"drawMode":0,"name":"Shaded","section":"Shading Mode"},"sceneLighting":true,"audioPlay":false,"sceneViewState":{"showFog":true,"showMaterialUpdate":false,"showSkybox":true,"showFlares":true,"showImageEffects":true,"showParticleSystems":true},"in2DMode":false,"pivot":{"x":349.29913330078127,"y":178.98773193359376,"z":-149.4392547607422},"rotation":{"x":-0.17968805134296418,"y":-0.2057787925004959,"z":0.03846823424100876,"w":-0.9611919522285461},"size":700.3182373046875,"orthographic":false}