{"cameraMode":{"drawMode":0,"name":"Shaded","section":"Shading Mode"},"sceneLighting":true,"audioPlay":false,"sceneViewState":{"showFog":true,"showMaterialUpdate":false,"showSkybox":true,"showFlares":true,"showImageEffects":true,"showParticleSystems":true},"in2DMode":false,"pivot":{"x":403.97015380859377,"y":164.55645751953126,"z":-147.37120056152345},"rotation":{"x":-0.16021861135959626,"y":-0.5862438082695007,"z":0.11963263899087906,"w":-0.7850829362869263},"size":31.33692169189453,"orthographic":false}